1.57185,1.57247,1.57123
0.701561,0.701561,0.701561
20,0,0
1.68721,2.13692,1.765
2.1558,2.51169,2.33268
1.64129,2.35477,1.81304
1.42453,1.54522,2.06179
20,0,0
20,0,0
20,0,0
1.36645,2.07666,1.79191
2.59732,2.5179,3.69068
20,0,0
10.5721,10.567,10.546
3.00293,3.05004,3.43722
20,0,0
0.50679,0.987718,2.04634
1.34011,1.17883,0.995596
20,0,0
5.88463,4.54878,4.69624
0.79978,0.800391,0.800391
20,0,0
20,0,0
3.48616,4.65447,4.55779
20,0,0
20,0,0
3.80981,3.969,3.39634
20,0,0
20,0,0
20,0,0
5.98909,6.2302,5.76569
8.55246,8.76606,9.07634
20,0,0
20,0,0
20,0,0
20,0,0
5.29658,3.40022,4.37567
13.3448,13.2338,12.3394
2.5403,1.90574,3.25315
8.04455,8.64174,9.63555
2.49433,2.86752,2.16032
5.3352,4.14825,4.22627
17.6338,18.4193,18.2634
20,0,0
6.40518,5.84066,5.42824
18.6127,21.7085,21.4532
5.18731,8.44103,9.33225
20,0,0
1.0131,2.32408,1.44292
20,0,0
0.960143,1.25,0.847791
20,0,0
6.49429,6.68845,6.52534
9.36395,9.20062,9.0808
3.37355,3.49595,4.71689
20,0,0
4.01158,3.73865,3.8926
0.5,0.5,0.5
20,0,0
4.89569,4.80234,4.10875
1.32656,1.47008,1.93901
3.8203,3.53014,3.48728
7.21171,7.18281,7.66364
20,0,0
20,0,0
20,0,0
20,0,0
0.813701,0.490137,1.57805
1.01982,1.6283,0.497553
2,2,1
3.05532,3.06122,2.45566
7.20853,6.8669,7.47522
11.8389,12.1878,12.0325
0.47393,0.47393,0.47393
4.54191,4.3645,4.72712
20,0,0
20,0,0
5.6289,5.5746,5.7739
3.84997,3.22133,3.64341
7.25512,7.5069,7.15017
14.8855,12.2,12.7882
2.22721,2.11879,2.94845
20,0,0
5.38027,4.80895,4.86096
10.025,9.08413,9.41315
20,0,0
0.400805,0.400195,0.400805
20,0,0
20,0,0
0.745429,1.33719,1.73149
6.85879,7.15707,6.3352
20,0,0
0.577068,0.470829,1.57216
2.60333,2.60333,2.60333
5.3226,6.69713,6.80361
3.82873,2.81042,3.2527
1.2915,1.04489,1.04442
3.15439,2.85078,3.12781
20,0,0
8.381,8.40602,8.98496
4.83053,3.5092,3.49134
20,0,0
20,0,0
4.78625,5.08387,5.73282
2.82566,3.75988,3.46776
4.5143,4.17442,4.16833
4.82567,4.63196,4.69229
20,0,0
20,0,0
20,0,0
12.3228,12.0974,12.7058
20,0,0
20,0,0
20,0,0
20,0,0
3.77103,3.77103,3.39462
5.20751,4.93037,5.11222
20,0,0
4.98788,3.86377,3.75975
20,0,0
3.87702,3.86111,3.63898
1.25701,1.25701,1.25701
6.88855,7.08845,10.3308
9.1273,9.12232,8.74129
20,0,0
2.77263,6.54891,7.19897
20,0,0
9.82548,9.35352,8.61378
0.661438,1.38632,1.38632
3.15424,3.47142,2.62128
18.6379,20.012,19.7911
7.12,5.6622,6.03085
5.53399,5.65306,6.04718
4.15543,4.06394,4.15531
20,0,0
20,0,0
20,0,0
20,0,0
0.942694,0.941657,0.943212
0.829156,0.829156,1.22474
20,0,0
20,0,0
3.53305,2.79019,2.89834
10.2346,9.59441,9.63286
9.34234,9.27077,9.52987
3.59986,3.2186,3.2186
20,0,0
8.87582,6.39488,6.11175
2.69838,2.17855,3.09722
4.93651,5.13842,4.76283
6.62692,7.12651,7.96661
20,0,0
20,0,0
20,0,0
20,0,0
0.372387,0.373696,0.373696
2.62835,2.72324,2.73861
20,0,0
1.23586,1.23586,1.1022
3.94543,3.44318,3.44289
20,0,0
2.40949,1.05928,1.65005
20,0,0
20,0,0
20,0,0
9.72663,11.9415,15.7708
20,0,0
5.06674,4.15225,4.24672
20,0,0
20,0,0
1.13838,0.642718,1.07892
4.40769,5.34978,4.83734
3.51378,3.06393,3.06393
20,0,0
4.47519,4.78217,3.94029
8.47987,8.71925,9.31989
20,0,0
2.27461,2.27482,2.27482
20,0,0
10.7932,10.9687,14.0482
20,0,0
20,0,0
5.74796,6.49497,6.92108
20,0,0
20,0,0
20,0,0
20,0,0
1.83286,1.60017,2.20218
0.816397,0.470829,0.470829
20,0,0
20,0,0
20,0,0
8.55931,10.5987,11.8758
1.18873,1.26205,3.17153
7.87035,5.7634,6.14665
20,0,0
1.32656,1.04769,0.722139
20,0,0
20,0,0
20,0,0
20,0,0
12.3115,14.1925,16.7258
1.26089,1.46075,0.947859
20,0,0
20,0,0
5.58265,4.97582,4.97577
20,0,0
12.0611,13.03,14.3306
20,0,0
20,0,0
20,0,0
0.598664,0.598664,0.598664
20,0,0
20,0,0
9.32272,9.11708,8.2273
20,0,0
0.816098,0.816696,0.816397
5.89955,6.31142,6.17035
20,0,0
2.4957,1.89417,1.79409
5.15398,5.22473,5.47031
20,0,0
20,0,0
20,0,0
5.44701,4.268,4.17647
9.0488,9.36906,9.70321
1.56874,1.84269,2.23519
20,0,0
20,0,0
20,0,0
0.79242,1.49935,1.08366
4.68281,5.24646,5.91245
1.13106,1.13106,1.13106
18.5867,20.789,25.0242
20,0,0
20,0,0
20,0,0
6.33805,6.06322,6.12719
10.1676,10.4931,11.2986
2.91061,3.09138,2.91078
11.7589,11.2696,12.3656
20,0,0
20,0,0
10.1971,11.2211,12.3745
20,0,0
2.38116,3.78461,2.8248
10.5598,11.0536,10.7906
6.76128,6.22989,5.77863
20,0,0
20,0,0
20,0,0
20,0,0
20,0,0
20,0,0
20,0,0
20,0,0
20,0,0
20,0,0
20,0,0
14.1909,15.4928,17.0673
20,0,0
7.95323,7.73095,7.93369
6.72688,6.4032,6.75792
0.400195,0.490137,0.747718
20,0,0
20,0,0
1.21273,0.746738,0.747065
0.707107,0.707107,1.22474
6.40358,5.53937,4.77282
11.252,11.3936,12.819
11.4284,10.9535,10.9802
4.70756,4.86477,4.654
20,0,0
20,0,0
20,0,0
0.567254,0.567254,0.567254
20,0,0
0.433013,0.433013,0.433013
20,0,0
20,0,0
20,0,0
20,0,0
14.8707,14.9146,16.5769
15.5135,15.3615,14.9575
7.45442,7.73297,6.31745
20,0,0
20,0,0
0.927025,0.914296,1.25
0.856957,0.856957,0.856957
4.5655,6.31992,7.3955
15.1228,15.0074,15.0074
20,0,0
20,0,0
20,0,0
20,0,0
20,0,0
10.1145,11.1272,11.4671
0.372387,0.369755,0.372387
2.95275,2.83911,3.6215
1.47373,1.47373,1.47373
3.13288,3.00959,3.24541
7.37344,7.43448,7.41768
0.942176,0.470829,0
20,0,0
20,0,0
7.05835,6.97757,7.09234
4.76468,4.88431,5.08838
20,0,0
20,0,0
20,0,0
20,0,0
15.5222,15.3512,15.7075
20,0,0
20,0,0
1.17219,0.640434,0.633535
2.43289,2.43289,2.43289
6.33358,5.8666,6.06584
20,0,0
20,0,0
20,0,0
11.9044,11.9044,11.9044
4.07007,4.68229,4.6661
9.61023,10.3166,11.584
2.97909,3.34725,3.10258
20,0,0
20,0,0
20,0,0
20,0,0
1.11716,0.589624,0.589624
20,0,0
1.26476,0.632764,0.800085
20,0,0
20,0,0
1.29904,1.29904,1.29904
20,0,0
20,0,0
11.4867,12.9647,14.5467
20,0,0
0.176777,0.176777,0.176777
20,0,0
20,0,0
13.7827,15.1262,15.9498
20,0,0
10.2937,11.8455,11.786
20,0,0
4.53965,4.15437,4.15437
20,0,0
20,0,0
16.534,19.9224,22.6696
20,0,0
20,0,0
20,0,0
20,0,0
3.19255,1.80656,1.76929
20,0,0
6.15379,6.39527,6.12894
2.48315,2.31672,2.31303
20,0,0
20,0,0
20,0,0
20,0,0
0.866025,0.913762,0.963696
3.10242,2.64907,3.27961
3.79324,3.79324,3.79324
20,0,0
20,0,0
5.69728,5.70439,5.62773
1.08972,1.08972,1.08972
20,0,0
20,0,0
20,0,0
20,0,0
7.29184,8.02374,7.87962
11.3099,10.7408,10.6977
4.2258,4.85473,4.89205
20,0,0
20,0,0
4.27611,4.09935,5.6703
6.36442,6.0026,6.518
3.23736,3.74061,3.91062
5.26375,5.17855,5.63012
20,0,0
22.5834,26.7769,27.0588
20,0,0
20,0,0
20,0,0
19.55,19.3484,21.5366
20,0,0
20,0,0
0.330719,0.330719,0.330719
20,0,0
20,0,0
20,0,0
20,0,0
2.39364,2.47211,3.19851
6.87116,6.6937,7.05845
13.6179,13.3384,14.1692
24.1067,26.1909,26.8411
20,0,0
20,0,0
6.11103,4.94422,5.19611
20,0,0
20,0,0
10.2539,14.1087,20.871
2.94398,2.39364,3.55372
0.471865,0.471865,0.471865
20,0,0
2.38689,3.30379,3.88331
2.96431,1.72866,2.14148
9.19664,9.98964,8.46131
20,0,0
20,0,0
20,0,0
20,0,0
2.1799,3.02867,4.11374
4.33013,5.37645,7.32664
8.12836,8.28838,9.16611
20,0,0
2.3223,2.3223,2.32219
20,0,0
0.845484,1.18421,1.90292
2.05301,1.10397,2
20,0,0
20.4597,20.9622,21.7092
16.4828,21.2933,25.6719
2.31567,4.57105,6.29344
0.433013,0.829156,0.829156
20,0,0
20,0,0
4.94906,4.05528,9.30684
20,0,0
20,0,0
1.178,1.49805,3.00975
1.16676,0.748697,1.35785
0.942694,0.816098,0.475986
16.3667,16.0575,15.5162
20,0,0
3.83777,3.75715,3.67809
20,0,0
1.33829,2.20993,2.42847
4.50954,4.49837,4.96885
20,0,0
14.2737,14.1426,15.3185
3.74655,3.49581,3.54374
16.5033,21.0656,31.7388
20,0,0
1.37073,1.37073,1.37082
15.5572,17.0517,17.4972
3.72295,3.36312,3.76744
1.6999,1.6999,1.69961
15.757,16.6586,15.853
20,0,0
20,0,0
2.60633,2.60858,2.50546
0.816696,0.816397,0.471347
4.4235,4.80417,5.17765
20,0,0
9.53309,8.44647,9.68634
1.31473,1.51941,1.33427
20,0,0
20,0,0
2.2044,2.2044,2.2044
20,0,0
10.3156,10.5914,11.9554
20,0,0
1.5,1.5,1.5
7.68051,7.36327,8.38828
6.98506,6.8928,7.18359
20,0,0
20,0,0
11.2917,11.7795,12.6137
0.71739,0.71739,0.71739
20,0,0
20,0,0
2.28039,1.46975,1.46975
20,0,0
1.89134,2.4638,2.27664
20,0,0
5.8188,5.85072,5.70802
7.18716,6.72986,6.86864
20,0,0
20,0,0
20,0,0
4.86367,6.00578,7.90149
29.8887,30.1913,30.8438
20,0,0
19.6886,20.7142,21.9798
20,0,0
1.08005,0.471347,0.471606
20,0,0
20,0,0
1.39894,1.39894,1.39876
20,0,0
2.392,2.36965,2.60108
3.72269,3.34776,3.56432
20,0,0
20,0,0
20,0,0
20,0,0
20,0,0
9.57317,9.06584,9.93657
20,0,0
2.27718,2.27707,2.27707
0.728199,0.728869,0.728869
20,0,0
20,0,0
13.5398,12.8877,13.2847
15.7014,15.5798,15.6335
20,0,0
20,0,0
20,0,0
1.70678,1.70678,1.70678
2.49687,1.57619,1.57619
14.9474,14.9127,15.2405
13.622,13.5918,14.1756
20,0,0
5.27561,4.91331,4.84995
20,0,0
20,0,0
9.89802,9.95679,10.5075
20,0,0
4.09375,4.23947,4.10875
8.1912,7.96096,7.19572
1.25973,1.26012,1.25992
16.0913,18.8794,22.0103
20,0,0
20,0,0
13.8252,13.5557,13.9488
20,0,0
20,0,0
9.68528,9.2905,10.2236
20,0,0
2.35663,1.29753,1.73205
20,0,0
20,0,0
1.25565,0.878064,1.7381
20,0,0
20,0,0
20,0,0
20,0,0
2.68223,2.5299,2.783
1.33756,1.08523,1.60185
0.632764,0.632764,0.632378
20,0,0
9.88898,9.49527,7.9712
7.56753,7.47535,7.43875
20,0,0
20,0,0
0.69562,0.69562,0.563151
3.40338,3.21009,1.82772
20,0,0
20,0,0
0.745756,0.745756,0.745429
10.878,9.89108,11.2594
3.73565,2.97704,3.34265
2.06498,0.862353,0.862353
4.10031,3.64743,3.11232
2.64833,1.85326,3.71599
4.564,4.60055,5.29916
1.22315,1.19365,1.19365
1.99805,1.99805,1.99805
0.816397,0.816397,0.816397
4.6849,4.71321,4.69317
0.655878,0.655878,0.655878
11.1482,11.6385,11.8657
9.78569,10.0817,10.0313
16.5248,19.1989,22.7404
20,0,0
20,0,0
16.779,20.2915,22.5495
20,0,0
20,0,0
20,0,0
20,0,0
20,0,0
20,0,0
20,0,0
1.7614,1.09732,2.46221
0.605154,0.373696,0.423896
20,0,0
3.25683,3.16675,3.10368
2.55391,2.55391,2.55391
20,0,0
20,0,0
8.79708,10.9853,12.7554
2.46618,2.30499,3.11091
20,0,0
3.72544,3.87286,4.47628
2.01096,1.25312,1.78508
1.32987,1.39964,1.62049
5.62144,5.41455,5.80687
20,0,0
8.66679,8.61356,8.88468
20,0,0
6.245,6.25999,6.4988
20,0,0
20,0,0
20,0,0
20,0,0
20,0,0
5.824,6.2915,7.92266
5.34777,5.24311,4.5579
20,0,0
20,0,0
1.94266,1.55749,1.65005
20,0,0
1.01982,1.01982,1.01982
20,0,0
1.58515,1.65034,1.66243
20,0,0
20,0,0
20,0,0
2.65202,3.17845,3.44686
15.7235,17.9703,19.5739
20,0,0
1.35821,1.15752,0.902471
20,0,0
20,0,0
4.91977,3.8813,4.18493
1.05859,0.488141,0.488141
4.50249,4.71046,4.79227
20,0,0
2.07642,1.41611,1.64144
20,0,0
20,0,0
1.24765,1.24765,1.24726
20,0,0
20,0,0
20,0,0
20,0,0
5.31948,5.38226,5.53698
20,0,0
4.72537,5.4366,4.85784
3.78164,3.55646,4.08933
20,0,0
20,0,0
20,0,0
20,0,0
20,0,0
20,0,0
0.470829,0.470829,0.471347
20,0,0
5.23006,5.91278,6.84774
3.47508,3.75104,4.9714
9.51212,8.95246,9.28441
0.433013,0.433013,0.433013
8.07871,8.0542,8.20817
20,0,0
20,0,0
20,0,0
20,0,0
2.46816,2.33226,2.8489
3.70757,3.69081,4.4912
20,0,0
0.773082,0.711924,0.957087
20,0,0
20,0,0
20,0,0
20,0,0
2.47724,3.95779,2.88348
20,0,0
0.89949,0.89949,0.899218
5.98117,5.35771,5.66169
0.866025,0.866025,0.866025
0.470829,0.470829,0.470829
2.76346,2.49453,2.33205
20,0,0
20,0,0
20,0,0
20,0,0
20,0,0
5.38897,6.64171,9.20746
2.1953,1.62139,1.53029
1.01358,0.948374,1.48034
20,0,0
20,0,0
20,0,0
2.69946,1.57836,1.89185
2.14831,1.79817,1.6283
20,0,0
4.70777,4.69052,4.67551
20,0,0
20,0,0
20,0,0
1.24687,0.816696,0.816696
20,0,0
20,0,0
20,0,0
20,0,0
2.78423,2.78423,2.78441
1.00899,1.18873,1.00633
20,0,0
20,0,0
20,0,0
20,0,0
0.470829,0.470829,0.470829
20,0,0
20,0,0
4.60977,6.148,5.70319
3.67676,2.87653,3.34426
12.176,12.8097,13.4148
2.51422,1.72866,1.42076
20,0,0
20,0,0
4.09542,4.6175,4.97366
8.03332,7.42811,7.95188
20,0,0
20,0,0
20,0,0
20,0,0
0.471865,0,0
0.522445,0.814301,1.44563
20,0,0
20,0,0
2.55716,3.93403,4.70668
20,0,0
1.49249,1.76721,1.84798
20,0,0
20,0,0
3.6741,3.6741,3.67423
0.866025,0.866025,0.866025
20,0,0
20,0,0
0.433013,0.433013,0.433013
1.48955,1.48955,2.23454
20,0,0
3.5456,3.00195,2.61792
1.69875,1.70033,1.91901
17.4854,16.9224,17.3427
1.51925,1.05836,1.36699
2.11279,1.1726,1.26147
1.43852,0.954789,1.39334
4.36069,3.57235,3.44162
20,0,0
1.74357,0.48914,0.401414
20,0,0
20,0,0
1.78536,0.829156,0.433013
20,0,0
0.816098,0.471865,0.471865
1.82592,1.40382,1.4724
4.94383,5.92449,6.77044
20,0,0
2.53568,2.53568,2.53568
12.3355,15.2279,18.1675
1.97791,1.0762,0.999512
0.728534,0.728869,0.728199
2.45148,1.19692,1.61973
1.34339,1.33865,1.46108
20,0,0
20,0,0
1.31101,2.20351,1.07574
20,0,0
0.856957,0.486136,0.441942
1.24177,1.01117,1.87968
20,0,0
1.66052,1.67763,1.64442
2.69331,2.5451,3.91225
6.991,6.99093,6.99093
20,0,0
2.00146,2.12913,1.39789
20,0,0
3.96321,3.75975,4.71616
20,0,0
20,0,0
1.52614,1.51876,1.60824
1.13494,1.25701,1.32472
20,0,0
20,0,0
20,0,0
20,0,0
20,0,0
2.22644,2.81111,2.28862
20,0,0
1.92435,1.75474,1.84428
4.51473,4.32629,4.3877
20,0,0
10.9776,10.9515,11.1689
2.9091,0.933324,1.24177
17.5139,19.5983,21.5096
20,0,0
20,0,0
20,0,0
2.08744,2.08815,2.08815
1.1726,1.17552,1.2713
2.53665,1.89392,1.858
1.82565,1.82565,1.82565
13.2267,13.0083,13.4383
0.943212,0,0
20,0,0
1.69903,1.6999,1.6999
2.53144,2.25304,2.25466
20,0,0
3.65371,2.88653,2.89058
1.87239,1.87187,1.87161
20,0,0
2.56136,2.15398,2.11879
6.23498,6.05178,5.90211
20,0,0
8.35808,7.55546,7.38314
20,0,0
20,0,0
20,0,0
20,0,0
0.728869,0.728869,0.728199
4.21354,4.415,5.29925
2.21368,1.631,1.75474
2.33373,1.61626,2.08041
14.6642,14.1121,14.2523
20,0,0
20,0,0
20,0,0
2.56098,2.79508,2.82221
1.81519,1.68837,1.59452
1.86351,1.86351,2.13554
20,0,0
1.87877,1.97049,2.90171
20,0,0
2.55869,2.56193,2.6668
1.5373,1.54332,1.86586
6.78233,9.26814,9.69541
0.947344,1.30616,0.882778
1.82431,1.56469,1.39981
20,0,0
20,0,0
20,0,0
20,0,0
2.69313,2.29321,2.72234
20,0,0
0.833854,1.46941,1.06112
4.8126,5.15066,5.40101
6.34814,7.37619,7.50553
2.51965,2.75444,3.46185
3.34046,4.16845,7.01874
6.81142,7.32851,6.9595
20,0,0
5.38535,5.22856,5.24209
0.398973,1.67326,1.20018
1.6247,1.41421,1.41421
20,0,0
20,0,0
20,0,0
20,0,0
20,0,0
20,0,0
0.483113,0.482102,0.483113
20,0,0
20,0,0
20,0,0
20,0,0
20,0,0
1.42984,0.733543,0.479053
20,0,0
9.62987,13.9355,26.438
15.1698,15.1886,15.7911
1.16592,0.48914,0.489639
20,0,0
20,0,0
20,0,0
20,0,0
20,0,0
1.19201,0.845484,1.57619
20,0,0
20,0,0
20,0,0
4.4566,6.17383,8.23217
5.2039,4.73156,5.35251
20,0,0
0.816696,0.816696,0.816397
20,0,0
13.9547,14.1262,14.1308
3.52502,3.8468,5.6722
20,0,0
1.34175,1.41542,1.28182
8.14697,7.46473,7.36742
20,0,0
20,0,0
20,0,0
20,0,0
20,0,0
2.99919,2.50605,2.61606
20,0,0
20,0,0
20,0,0
20,0,0
0.47393,0.470829,0.471347
20,0,0
20,0,0
0.687145,0.687145,0.687145
10.3772,11.6455,14.1256
20,0,0
1.05928,1.05928,1.05928
3.52308,3.06457,3.06457
9.76166,9.53309,11.3122
20,0,0
20,0,0
20,0,0
2.12454,1.87786,2.08791
4.33509,4.33531,4.33531
13.9184,14.2852,15.6735
3.49008,3.44814,3.19209
0.792112,0.756482,0.984747
6.32911,11.9861,20.843
20,0,0
4.18598,2.61073,2.79552
5.95917,5.46482,5.46482
20,0,0
20,0,0
20,0,0
0.445244,0,0.996576
20,0,0
20,0,0
20,0,0
1.85405,1.6462,1.6462
20,0,0
3.45479,3.45464,3.45464
6.52044,5.54359,8.46154
1.05974,1.05974,1.05974
20,0,0
4.8729,4.81493,4.89798
20,0,0
1.45438,2.26492,2.30848
20,0,0
22.1617,23.7525,23.3072
3.47241,3.3382,3.30719
20,0,0
20,0,0
20,0,0
1.84772,2.1005,2.26255
20,0,0
20,0,0
0.786855,0.891036,0.67133
20,0,0
20,0,0
9.04999,9.37984,9.29634
20,0,0
20,0,0
0.942953,0,0
3.56195,3.56195,3.56195
7.4841,8.70266,8.55463
7.15161,7.71964,6.94552
20,0,0
20,0,0
4.11504,4.06478,4.10054
4.87179,5.13965,7.22693
2.29267,5.23463,8.534
20,0,0
20,0,0
20,0,0
20,0,0
0.471865,0.471865,0.471865
20,0,0
3.81992,2.9925,3.44474
0.472898,0.471865,0.471865
20,0,0
0.707107,0.707107,0.707107
2.19485,2.35829,2.11232
0.980274,0.979776,0.979776
20,0,0
20,0,0
3.94171,3.58341,3.60176
20,0,0
0.84635,0.982762,2.20462
20,0,0
20,0,0
20,0,0
20,0,0
20,0,0
3.00667,3.00683,3.00667
20,0,0
20,0,0
20,0,0
20,0,0
1.00972,1.24844,1.54079
20,0,0
1.25117,1.25078,1.37002
9.21817,9.77885,10.7731
3.27544,3.65077,3.22011
20,0,0
20,0,0
0.748044,0.748044,0.748044
20,0,0
20,0,0
1.88124,2.03725,2.03725
12.7999,22.344,36.7536
20,0,0
20,0,0
20,0,0
20,0,0
20,0,0
2.59695,2.59695,2.59695
20,0,0
20,0,0
7.44773,7.27347,6.89748
20,0,0
20,0,0
3.27156,2.77122,3.57891
20,0,0
20,0,0
20,0,0
20,0,0
20,0,0
20,0,0
1.81142,3.46382,5.104
3.94815,3.02108,2.46558
20,0,0
20,0,0
7.55074,8.06795,8.17867
20,0,0
1.85563,2.03773,2.04944
16.3816,18.654,18.8009
20,0,0
1.77851,1.00778,1.10087
20,0,0
1.21313,1.21313,1.21313
20,0,0
1.77507,1.25468,1.5039
20,0,0
20,0,0
20,0,0
2.66304,2.03701,2.38116
7.32891,7.32844,6.87536
0.779373,0.778746,0.779373
1.78836,2.54568,2.30743
1.67472,1.51941,1.51941
1.51393,1.86822,1.70133
20,0,0
20,0,0
0.433013,0.433013,0.433013
20,0,0
3.05292,1.77878,2.06061
2.57789,1.78289,1.78289
6.10232,5.91963,6.75745
20,0,0
20,0,0
20,0,0
20,0,0
20,0,0
20,0,0
1.8071,1.80737,1.8071
11.1261,12.1449,12.4742
10.3026,11.2902,11.306
1.82726,1.5965,1.88539
20,0,0
1.53507,1.53507,1.53475
20,0,0
1.12457,1.12457,1.12457
0.495093,0.495093,0.494106
20,0,0
20,0,0
20,0,0
20,0,0
7.47156,10.8682,13.775
1.27015,1.27092,1.27092
1.38702,1.43954,1.4392
20,0,0
7.59227,17.9313,29.517
20,0,0
20,0,0
20,0,0
20,0,0
1.20221,0.949918,1.82003
20,0,0
20,0,0
20,0,0
3.2292,3.22935,3.22935
2.48982,3.09643,4.96836
12.4121,15.4367,19.1622
20,0,0
9.27278,9.27278,9.27272
20,0,0
6.25059,4.44366,5.1954
6.79233,7.35777,8.47688
4.76232,4.76211,4.76211
20,0,0
20,0,0
20,0,0
20,0,0
20,0,0
20,0,0
20,0,0
20,0,0
7.72305,7.87562,10.2862
3.69927,3.67862,4.51744
1,1,1
20,0,0
3.1786,2.71767,2.64852
20,0,0
20,0,0
1.65478,1.65537,1.65507
20,0,0
20,0,0
20,0,0
10.2496,9.99424,11.84
20,0,0
4.19775,4.5686,4.38837
11.9158,16.2295,18.7363
20,0,0
2.25098,2.12339,1.61415
20,0,0
20,0,0
5.57688,7.28226,7.84767
20,0,0
20,0,0
20,0,0
20,0,0
20,0,0
5.99267,5.35087,6.32123
0.490137,0.632764,1.16634
2.42575,2.10839,2.136
4.14767,4.00561,4.67509
20,0,0
20,0,0
20,0,0
20,0,0
20,0,0
20,0,0
5.5567,5.62674,6.45447
20,0,0
20,0,0
20,0,0
1.51038,1.51038,1.51038
20,0,0
5.80292,5.25186,6.38258
20,0,0
3.58763,3.37153,3.37153
20,0,0
2.06297,1.83685,1.73852
20,0,0
20,0,0
20,0,0
1.45304,1.45338,1.74357
9.74424,11.9022,13.8774
5.40444,7.25983,12.3774
10.3577,15.9155,22.2894
20,0,0
20,0,0
20,0,0
20,0,0
0.942694,0.943212,0.943212
20,0,0
20,0,0
20,0,0
1.6247,1.60017,1.66888
4.00616,2.81146,2.66707
6.52197,7.69182,9.13954
20,0,0
0.785613,0.785613,0.942694
20,0,0
5.73589,5.22193,5.40634
20,0,0
1.75918,1.78809,1.17966
2.90659,2.91832,2.91363
4.4514,7.3571,10.0363
5.32297,5.28541,5.49005
14.8165,17.6125,24.5652
20,0,0
20,0,0
20,0,0
1.20181,1.41352,1.78152
20,0,0
1.15878,0.744773,0.771185
20,0,0
4.0655,6.45817,8.72144
8.06432,5.97652,7.7007
9.2566,10.6217,13.9337
2.76964,2.81128,2.75745
20,0,0
20,0,0
20,0,0
20,0,0
7.76718,7.91144,7.40157
12.1476,12.7128,13.2697
0.8521,0.851813,0.85124
20,0,0
20,0,0
20,0,0
20,0,0
1.56312,1.66712,1.88331
20,0,0
0.469791,0.470829,0.816397
20,0,0
20,0,0
20,0,0
20,0,0
1.92207,1.23071,1.58576
20,0,0
4.63481,4.51452,4.37143
2.21655,1.87552,1.94103
2.25369,1.38208,1.5
2.12867,2.02161,1.69443
20,0,0
3.07459,2.95441,3.47283
20,0,0
4.74156,4.62785,4.99873
20,0,0
0.496078,0.668049,0.597848
2.52565,2.72395,3.20446
1.51458,1.51458,1.5149
1.60109,1.21955,1.2949
1.71989,2.01653,2.51208
3.6497,3.63952,2.45347
5.87857,2.38485,2.70777
11.9818,18.4572,25.468
1.41421,1.41421,1.41421
20,0,0
20,0,0
20,0,0
20,0,0
3.82707,3.60501,4.11214
1.39999,1.38102,1.44021
20,0,0
3.43324,3.42084,3.41441
20,0,0
20,0,0
5.64463,4.74763,6.48488
20,0,0
20,0,0
20,0,0
20,0,0
6.38235,6.50916,6.05162
0.400195,0.401414,0.401414
20,0,0
20,0,0
20,0,0
20,0,0
2.16506,2.23607,2.27761
3.77492,2.86138,2.58602
20,0,0
20,0,0
20,0,0
1.55624,1.55624,1.58915
0.628894,0.542167,0.833854
2.2591,1.54648,1.84785
11.698,11.8351,12.1264
4.08509,8.74939,11.4317
8.21162,21.2501,39.1115
20,0,0
20,0,0
20,0,0
20,0,0
20,0,0
2.92317,2.97762,4.70663
1.16927,2.09235,3.08775
20,0,0
2.45069,2.45248,2.69766
5.96752,5.9631,6.65515
3.32324,3.50112,3.66679
20,0,0
20,0,0
6.77959,7.73095,14.1869
20,0,0
20,0,0
5.85669,7.10496,7.28199
8.14924,7.15577,8.05584
2.04634,2.04634,2.04634
2.09165,2.09118,2.09142
20,0,0
1.97346,1.4517,1.47141
10.961,13.0408,14.7778
1.82137,1.58052,2.03917
1.77713,1.51619,1.5392
20,0,0
1.01934,0.414578,0.414578
3.18091,3.97674,4.28524
20,0,0
20,0,0
20,0,0
20,0,0
2.04634,2.0461,2.0461
20,0,0
1.32693,0.632764,1.16592
2.47665,2.69168,4.25322
20,0,0
13.8215,13.9188,14.8317
4.72857,6.65207,8.90005
20,0,0
20,0,0
20,0,0
20,0,0
1.98628,1.98604,1.98604
1.15329,1.15329,1.1535
3.75923,3.84756,3.69504
20,0,0
4.8282,3.76053,4.03621
20,0,0
5.94054,5.13851,5.57626
20,0,0
2.08627,1.93851,2.62927
2.1181,2.58734,3.63818
20,0,0
20,0,0
20,0,0
20,0,0
20,0,0
20,0,0
20,0,0
20,0,0
2.2013,2.0175,2.00536
3.07443,5.8526,5.7837
1.36681,1.89984,3.66092
20,0,0
20,0,0
20,0,0
10.3983,11.2257,15.1613
8.25657,8.36024,8.46581
20,0,0
2.25628,2.36635,2.14695
1.98185,1.95156,1.87864
20,0,0
4.01158,6.15284,5.67874
3.07745,3.73539,3.73539
20,0,0
6.62677,6.8049,8.61684
20,0,0
20,0,0
20,0,0
20,0,0
3.00683,2.63503,4.60044
2.18761,1.49772,1.61294
11.2278,10.6447,11.6196
14.3807,17.0643,26.7188
20,0,0
20,0,0
20,0,0
20,0,0
2.00536,2.20506,1.60413
5.5675,4.8924,4.61507
20,0,0
20,0,0
2.23345,1.34339,3.1153
20,0,0
20,0,0
20,0,0
2.01895,4.15966,7.04062
0.433013,1,1.63936
20,0,0
7.24879,6.77066,6.86348
10.4259,14.6985,14.4241
20,0,0
20,0,0
1.03456,0.655506,0.475986
20,0,0
1.13537,1.17842,1.17925
4.10744,4.10744,4.10744
7.10551,6.36519,9.17133
3.39936,3.39951,3.62487
20,0,0
20,0,0
1.08972,1.08972,1.08972
20,0,0
20,0,0
20,0,0
3.3926,2.52314,4.03948
3.67609,2.87941,2.84975
20,0,0
7.89853,8.30733,7.9131
20,0,0
0.748697,0.594572,1.53093
8.29963,6.34352,5.95901
20,0,0
0.943729,1.63309,1.63309
0.858096,0.51444,1.14947
1.64025,1.91952,1.64367
0.474959,0.474959,0.474959
13.6198,15.0848,15.3652
1.1516,2.88517,2.73861
2.18012,1.92537,2.78774
3.44955,10.1864,16.6814
2.03461,2.05966,2.1433
0.575374,0.572822,0.572822
1.37464,1.37571,1.375
3.3398,3.48574,4.05721
20,0,0
20,0,0
1.11672,1.44495,1.02888
9.16073,9.99726,11.1595
1.59314,1.59283,1.4324
0.866025,0.866025,0.866025
20,0,0
20,0,0
20,0,0
20,0,0
3.07364,7.34541,16.4301
3.41627,1.94027,1.6093
1.66683,1.97247,1.81385
5.2092,6.70748,7.34907
20,0,0
20,0,0
1.11366,0.641196,0.916963
0.705724,0.701561,1.07892
5.93734,7.7793,9.9376
1.59467,1.64025,1.54774
20,0,0
1.40799,3.24955,5.42833
1.66829,1.93624,3.10918
4.01219,9.54615,18.9109
20,0,0
2.0175,1.8456,2.12776
20,0,0
4.3168,4.12914,2.99006
9.83718,7.34701,6.16568
3.76254,2.27418,3.08411
3.57427,4.70808,6.12883
20,0,0
20,0,0
20,0,0
20,0,0
20,0,0
20,0,0
1.24726,0.469791,0.471865
7.60987,8.23205,7.74836
20,0,0
20,0,0
5.11422,4.05432,8.22576
1.64723,1.09196,1.37216
3.30903,3.80006,5.48827
20,0,0
8.35644,8.94558,10.8578
20,0,0
7.91434,11.1671,27.6863
1.86822,3.08173,2.67621
0.645371,0.534457,1.30129
2.28745,3.22436,3.06441
20,0,0
20,0,0
4.67989,2.70236,2.91615
20,0,0
20,0,0
3.58994,3.6042,3.58545
16.2571,25.6304,35.6707
20,0,0
20,0,0
20,0,0
1.11803,1.11803,1.11803
20,0,0
20,0,0
9.71398,12.5794,18.3834
5.89143,5.60692,6.89819
2.07854,2.19708,3.0811
2.54529,2.82151,3.02674
2.85711,2.85728,2.85728
5.79786,5.83664,5.81779
16.9678,23.1037,27.3176
20,0,0
20,0,0
2.44949,3.34477,3.31662
20,0,0
20,0,0
20,0,0
20,0,0
4.46536,4.52532,5.03852
8.91513,8.01829,8.11237
20,0,0
20,0,0
8.55765,7.68763,7.52412
0.433013,0.433013,0.433013
20,0,0
3.26604,1.69961,3.09138
1.65537,1.86351,4.42626
3.72806,5.40995,6.84995
20,0,0
20,0,0
3.89611,3.12047,3.12047
1.52582,1.13235,1.54237
5.9096,11.2846,17.9336
20,0,0
20,0,0
20,0,0
20,0,0
20,0,0
2.58602,1.29904,0.866025
20,0,0
1.89263,1.46975,1.9322
20,0,0
20,0,0
20,0,0
4.05733,3.49218,3.40266
9.50164,10.2024,11.6228
2.94746,3.32074,4.56934
20,0,0
0.816098,0.942176,1.24687
20,0,0
20,0,0
20,0,0
2.63354,3.1982,6.32239
6.3499,7.08052,8.2397
20,0,0
20,0,0
0.868278,0.869402,0.868278
20,0,0
1.8551,2,5.87866
2.226,1.36,3.17045
20,0,0
20,0,0
20,0,0
20,0,0
6.36258,9.55325,14.4855
3.7578,4.88361,9.93799
20,0,0
20,0,0
2.28039,1.625,1.78891
20,0,0
20,0,0
20,0,0
4.08551,4.304,3.94456
3.63146,3.27902,3.98532
20,0,0
1.75,1.75,1.75
20,0,0
20,0,0
20,0,0
13.2887,16.5551,18.5961
10.4019,9.63078,14.4247
4.7697,5.69265,11.4544
2.89902,2.89885,2.89885
1.87643,1.20181,1.16362
20,0,0
20,0,0
20,0,0
20,0,0
20,0,0
20,0,0
20,0,0
20,0,0
20,0,0
3.76987,2.77017,2.19996
2.25152,3.47705,5.60866
5.91839,6.78578,9.17772
20,0,0
20,0,0
20,0,0
1.57743,1.63817,3.69874
20,0,0
7.75189,25.2405,51.2892
20,0,0
2.67986,2.62025,2.67219
1.57262,2.0146,1.85931
20,0,0
2.00536,2.09025,2.03341
1.16592,1.16467,1.16467
8.16283,7.135,6.03238
20,0,0
5.60491,5.81174,5.10514
3.10226,3.23585,2.98858
20,0,0
20,0,0
20,0,0
1.51361,1.33427,1.87526
1.565,3.66145,4.19205
20,0,0
20,0,0
20,0,0
20,0,0
20,0,0
1.56437,1.84983,2.30001
20,0,0
20,0,0
20,0,0
5.55512,4.63186,5.75433
7.15809,5.70036,4.24977
20,0,0
1.30466,1.08253,2.05182
20,0,0
20,0,0
20,0,0
20,0,0
7.00195,6.48202,6.62036
20,0,0
2.40909,1.98247,1.64679
8.58534,9.30631,10.5967
1.26476,1.26476,1.01982
20,0,0
1.15709,1.15667,1.15709
20,0,0
20,0,0
20,0,0
9.48333,14.0269,22.8302
20,0,0
7.29378,10.4962,17.2357
20,0,0
5.1462,4.04757,4.9914
0.816397,0.816397,0.816696
1.63309,2.05491,2.62463
20,0,0
20,0,0
1.33756,1.512,1.31918
20,0,0
20,0,0
20,0,0
1.70935,1.481,5.35717
4.15684,5.93931,9.28898
8.19847,17.2292,35.5615
4.23331,3.72596,3.91798
1.29885,0.947086,1.06388
20,0,0
20,0,0
20,0,0
0.656994,0.498043,0.498533
20,0,0
4.52338,3.96173,4.55307
20,0,0
4.35127,6.60906,7.29458
20,0,0
20,0,0
20,0,0
1.20018,0,0.632764
20,0,0
8.15589,8.35901,8.79941
9.60794,8.82358,11.1367
20,0,0
20,0,0
20,0,0
7.67835,10.3299,19.8982
20,0,0
20,0,0
11.2226,11.228,11.8106
20,0,0
3.03785,2.75266,2.73576
20,0,0
20,0,0
20,0,0
8.39573,7.32971,11.4245
20,0,0
2.8845,2.87772,3.33776
20,0,0
4.09482,4.29707,4.78401
20,0,0
20,0,0
20,0,0
20,0,0
20,0,0
20,0,0
9.19595,9.20979,12.0565
20,0,0
20,0,0
4.31725,2.18169,1.59956
20,0,0
20,0,0
20,0,0
20,0,0
20,0,0
14.6007,18.1191,23.3606
1.79735,1.78809,1.85905
1.47737,2.33561,5.09404
3.75878,3.22102,3.44403
20,0,0
20,0,0
20,0,0
20,0,0
20,0,0
20,0,0
20,0,0
20,0,0
20,0,0
3.74427,2.77809,2.90827
8.02206,6.94608,6.13169
3.22996,2.99218,2.52139
8.42824,9.52792,15.2387
20,0,0
20,0,0
2.73933,1.52133,2.04586
3.81327,3.71862,3.15548
7.79774,9.94005,12.5939
1.89211,2.22907,2.47645
20,0,0
20,0,0
20,0,0
20,0,0
20,0,0
10.4982,13.953,19.5602
20,0,0
20,0,0
0.816696,2.44949,2.05586
10.322,11.1797,13.1948
20,0,0
20,0,0
20,0,0
2.20927,3.17353,4.49446
3.12906,4.35015,5.3281
4.32449,5.45257,11.9194
8.37203,12.1293,19.8494
20,0,0
5.69033,9.16329,10.0686
20,0,0
3.23615,2.36263,2.94613
20,0,0
20,0,0
5.87259,8.56472,14.085
4.94101,6.70121,7.01435
6.73512,2.76346,5.33964
7.29318,4.03452,3.14121
20,0,0
20,0,0
7.31036,7.348,7.19795
8.44305,8.41635,9.43481
6.19318,5.7891,6.15918
6.10192,10.3863,14.0948
4.69863,3.95075,3.18014
20,0,0
10.0891,11.4293,15.3423
20,0,0
20,0,0
20,0,0
20,0,0
20,0,0
20,0,0
20,0,0
1.49151,1.12847,1.76998
1.27322,1.51006,1.66037
20,0,0
5.99006,5.94637,6.3799
20,0,0
20,0,0
20,0,0
5.5458,5.93988,5.51507
4.54685,5.67254,9.2169
20,0,0
1.84004,1.95905,1.83286
6.95156,6.65515,6.39954
1.29188,1.31807,1.5449
0.941657,0.745429,1.06709
20,0,0
1.83977,2.19686,6.7015
3.55976,2.61382,14.2164
5.27339,1.92739,1.93447
3.19561,2.06865,2.06817
2.38198,1.47041,1.86351
5.1017,3.2542,2.2552
1.85405,1.76334,1.11803
1.69817,2.73647,2.10746
3.02125,5.5732,7.58069
20,0,0
20,0,0
1.79844,1.22474,1.33463
4.30207,8.65157,15.5517
20,0,0
20,0,0
1.61777,2.55295,3.44289
1.46709,1.75,2.61531
2.79001,2.37808,4.39393
1.16592,1.08972,1.64694
20,0,0
2.55754,3.85111,3.33527
20,0,0
20,0,0
20,0,0
20,0,0
20,0,0
1.31362,0.754544,0.963696
0.786855,0.797947,1.24844
20,0,0
20,0,0
0.866025,0.707107,1.29904
1.57371,2.57599,1.67297
2.57391,2.32429,4.8734
20,0,0
5.09634,6.31869,13.0983
20,0,0
20,0,0
20,0,0
0.5,1.5,1
2.94928,2.11371,2.93409
20,0,0
1.63936,0.582961,1.43342
6.59145,6.5916,6.59157
20,0,0
2.19663,2.15285,1.57247
0.733543,0.935414,0.609175
20,0,0
20,0,0
20,0,0
20,0,0
10.2731,9.77051,9.94298
20,0,0
1.0246,1.10971,1.87174
0.91643,0,0.457682
2.27632,2.2915,2.2674
1.58976,0.901388,4.019
20,0,0
3.79607,7.10345,20.0953
1.60078,1.82512,2.24392
20,0,0
20,0,0
20,0,0
0.369755,0.382733,0.465615
20,0,0
1.42727,1.45304,6.45659
1.30952,1.30952,1.30952
4.15637,4.53696,10.2091
0.469791,0,0
0.484123,0.484123,0.866025
20,0,0
4.45584,3.39145,3.0417
0.433013,1.65831,0.5
20,0,0
4.36472,3.60216,3.62284
20,0,0
0.734209,0.734209,0.734209
20,0,0
20,0,0
0.966227,0.582961,1.11629
20,0,0
2.09328,1.56125,1.84296
20,0,0
0.788095,0.788095,1.3214
1.53284,1.53284,1.53268
3.95581,4.32494,9.52525
1.44123,1.53603,1.45237
1.11014,0.794267,0.794267
6.96777,6.62728,6.63097
20,0,0
20,0,0
20,0,0
20,0,0
4.14496,5.73435,12.8736
20,0,0
20,0,0
20,0,0
20,0,0
2.614,3.46988,3.89348
3.0078,2.40036,1.61051
20,0,0
0.408647,1.25623,1.34084
20,0,0
20,0,0
20,0,0
20,0,0
1.34665,1.0388,0.967237
20,0,0
0,0,0.499022
0.599479,0.598664,0.598664
2.30107,3.62163,5.46169
20,0,0
0.471865,0.47393,0.47393
20,0,0
20,0,0
7.0234,14.859,28.8779
20,0,0
20,0,0
20,0,0
4.27726,4.71409,5.84751
20,0,0
20,0,0
20,0,0
20,0,0
1.81949,2.02475,3.73643
20,0,0
20,0,0
20,0,0
0.909477,0.636611,0.636611
20,0,0
20,0,0
1.24687,0.471865,0.471865
1.79518,1.47538,0.933062
20,0,0
20,0,0
1.13709,1.50909,0.936979
1.83126,1.95706,2.00012
20,0,0
20,0,0
2.5564,0.927025,0.655506
20,0,0
20,0,0
2.75178,3.10934,7.61077
20,0,0
20,0,0
20,0,0
3.1395,1.39824,2.16754
20,0,0
20,0,0
20,0,0
2.2565,3.98238,11.0894
20,0,0
20,0,0
20,0,0
20,0,0
20,0,0
1.10131,0.839689,0.759381
4.8513,6.4163,6.53256
1.62199,0.705724,0.948632
20,0,0
20,0,0
1.88539,2.92684,7.12788
1.64679,1.481,1.39544
2.72539,2.75975,2.99446
20,0,0
20,0,0
20,0,0
2.94348,5.04772,10.4401
20,0,0
20,0,0
1.60322,1.37713,1.9143
20,0,0
20,0,0
20,0,0
1.92917,0.987223,0.993632
20,0,0
20,0,0
20,0,0
4.13706,6.23576,5.95503
20,0,0
20,0,0
1.12152,1.61203,2.4462
3.96124,4.80742,10.0661
1.22315,0.925443,0.829745
20,0,0
20,0,0
20,0,0
6.67434,5.71123,6.76705
20,0,0
20,0,0
4.11481,4.41079,4.96118
20,0,0
3.00504,2.28574,3.39922
2.32114,1.08478,0.922537
1.71363,1.01502,1.56094
1.88124,1.36466,1.69443
20,0,0
20,0,0
20,0,0
1.08972,0.721462,0.986233
2.37006,2.56726,2.63262
20,0,0
20,0,0
3.48686,6.17589,9.0653
1.28619,1.61354,1.8763
20,0,0
20,0,0
20,0,0
20,0,0
20,0,0
20,0,0
20,0,0
20,0,0
1.49821,1.49805,2.07324
20,0,0
20,0,0
20,0,0
20,0,0
20,0,0
1.61777,2.54357,5.49538
0.805256,0.920152,1.90804
2.36759,1.9685,2.39547
20,0,0
20,0,0
20,0,0
0.461401,0.463512,0.462985
20,0,0
2.80755,2.21512,4.32996
0.433013,0.433013,1.08972
1.59038,1.75918,1.56889
20,0,0
0.603538,0.77245,1.6533
2.90743,2.34562,3.308
20,0,0
3.65799,2.82739,2.90894
2.11763,1.21192,0.984251
3.63038,2.03893,1.34792
20,0,0
0.433013,0.433013,0.433013
20,0,0
0.959126,0,2.39578
20,0,0
1.85773,1.80548,2.1533
0.690335,0.635843,1.01719
20,0,0
20,0,0
20,0,0
20,0,0
20,0,0
0.793036,0.957597,0.957342
20,0,0
20,0,0
0.707107,0.829156,0.5
20,0,0
20,0,0
20,0,0
20,0,0
20,0,0
3.04331,1.47041,1.48215
20,0,0
0.555512,1.1875,1.18132
20,0,0
20,0,0
20,0,0
20,0,0
20,0,0
20,0,0
20,0,0
1.77191,1.16969,2.63743
1.88254,1.24922,1.78508
3.47985,1.60322,1.62515
3.02173,2.09118,2.88034
20,0,0
20,0,0
2.66927,2.66927,2.66927
2.12799,1.63817,3.9852
20,0,0
20,0,0
20,0,0
20,0,0
20,0,0
20,0,0
20,0,0
20,0,0
20,0,0
0.816696,0.816696,0.942176
6.1641,2.30277,1.80913
1.45807,1.93346,2.40645
20,0,0
5.45033,4.75842,2.86411
4.78278,3.4227,4.42604
5.08464,4.46689,6.37255
20,0,0
2.40442,1.19896,1.96005
20,0,0
20,0,0
0.470829,0.47393,0.47393
20,0,0
20,0,0
20,0,0
7.21635,4.33486,3.90462
11.531,9.25422,8.32705
1.66654,1.45237,1.93649
20,0,0
4.89728,6.50541,5.37718
0.860936,0.949918,1.43614
1.2319,1.70535,2.46142
5.68011,3.40439,2.96068
3.2527,3.58109,1.70706
20,0,0
1.43614,1.40937,3.29476
20,0,0
20,0,0
2.00974,3.11812,0
20,0,0
17.4205,22.8746,23.8401
20,0,0
3.75247,3.8644,5.88828
2.99299,5.10093,7.3873
1.69788,1.99658,2.38341
1.38596,1.58484,2.22468
20,0,0
3.58409,1.78152,3.21496
6.43492,7.54052,1.15583
4.0173,4.72216,9.56138
20,0,0
3.82375,6.20641,13.0321
12.2312,21.3113,32.3954
20,0,0
6.53805,7.2648,5.84233
20,0,0
7.00579,6.13265,6.92482
0.490137,0.48914,0.490137
20,0,0
2.59243,0.953509,0.941139
20,0,0
20,0,0
20,0,0
20,0,0
7.70678,6.35267,8.76661
20,0,0
20,0,0
5.60796,4.14978,6.1183
4.53394,4.53663,4.52348
20,0,0
20,0,0
20,0,0
20,0,0
20,0,0
3.78564,4.07294,7.48592
2.84615,4.39204,6.73102
4.90167,1.92156,3.66552
20,0,0
2.66982,4.90973,6.13766
0.825024,0.585885,2.57992
20,0,0
1.91494,1.76182,1.45724
20,0,0
20,0,0
1.65537,1.52902,2.87024
20,0,0
2.72968,4.71885,6.55222
20,0,0
1.48462,0.97478,1.66492
20,0,0
3.45351,3.89511,4.2361
2.00098,4.20286,9.14649
0.471347,0.470829,0.470829
0.71807,1.13966,0.481595
1.35316,0.825615,0.767059
20,0,0
20,0,0
20,0,0
20,0,0
1.21835,1.36788,3.72282
20,0,0
20,0,0
20,0,0
0.632764,0.632764,0.632378
20,0,0
20,0,0
2.09375,2.72019,3.45902
1.31584,1.1916,1.19651
2.28146,1.99315,4.28148
0.470829,0.470829,0.471606
4.85915,4.58673,5.46982
0.817891,0.817294,0.817592
20,0,0
20,0,0
6.04096,4.97091,5.16278
1.94178,1.48889,2.53414
20,0,0
20,0,0
20,0,0
0.829156,0.433013,0.433013
4.72712,6.50458,9.36625
20,0,0
1.42248,1.88811,2.7802
20,0,0
20,0,0
1.92029,1.92029,1.92029
20,0,0
1.61747,1.78864,2.46112
1.99389,1.39929,1.32435
2.78336,2.4796,5.92136
20,0,0
0.5,0.559017,0.75
20,0,0
0.707107,0.707107,0.707107
0.734209,0.734209,0.75
2.28788,1.83286,0.927025
20,0,0
1.4436,0.890488,0.890625
20,0,0
20,0,0
3.81186,5.56031,8.05471
20,0,0
3.33381,5.81149,9.14691
20,0,0
2.22885,2.13303,1.6896
1.97865,1.10552,0.810996
20,0,0
5.24144,6.16267,8.89078
3.06234,1.869,2.79596
20,0,0
20,0,0
20,0,0
20,0,0
20,0,0
18.038,18.4567,20.2307
20,0,0
20,0,0
20,0,0
20,0,0
1.48758,1.13494,1.48635
20,0,0
20,0,0
20,0,0
20,0,0
1.63996,1.15053,1.60877
1.29452,1.29452,1.29433
0.600293,0.582542,0.891995
1.07665,1.12196,1.05072
20,0,0
0.356305,0.356989,0.547767
0.433013,0.433013,0.433013
20,0,0
0.943729,0.949918,0.883883
1.94329,1.65537,2.07371
0.745429,0.745756,0.745265
2.0418,2.02209,2.33409
0.972272,0.514914,0.515388
2.96414,2.89328,3.12391
20,0,0
20,0,0
20,0,0
20,0,0
1.03597,0.73951,0.993878
20,0,0
20,0,0
1.6502,1.23606,1.51409
20,0,0
1.84904,1.45203,1.76473
6.00269,5.42293,5.59165
20,0,0
5.05323,4.96737,5.59443
0.433013,0.433013,0.433013
20,0,0
3.683,3.83587,4.14024
20,0,0
5.13946,6.5308,6.71884
1.19242,0.522913,1.19232
1.01958,0.610776,0.815499
20,0,0
20,0,0
20,0,0
20,0,0
0.363092,1.22075,1.21675
0.632378,0.632378,0.564233
20,0,0
0.5,0.5,0.5
20,0,0
20,0,0
2.75656,2.62156,3.34747
1.20018,0.909209,1.26166
20,0,0
1.33865,0.764508,1.36984
20,0,0
20,0,0
20,0,0
20,0,0
20,0,0
1.53841,0.838525,1.17614
20,0,0
4.72687,4.61025,5.02251
0.866025,0.866025,0.866025
2.41759,2.0022,1.91978
20,0,0
20,0,0
20,0,0
2.14478,2.5115,1.85997
